,Winter(DJF),Spring(MAM),Summer(JJA),Fall(SON)
2017,0.2281783,0.2721705,0.19435413,0.20114237
2018,0.19934839,0.22977461,0.17364581,0.17630269
2019,0.27002013,0.29358932,0.21009469,0.20746684
2020,0.2624142,0.29561946,0.21818446,0.20855874
2021,0.22830553,0.20760424,0.15505724,0.17524885
2022,0.22606969,0.21918035,0.16847552,0.19189973
2023,0.30518577,0.27833104,0.21594095,0.26458266
