water_year,Winter_Precip_mm
2015,52.83
2016,138.04
2017,276.32
2018,114.47
2019,294.83
2020,222.17000000000002
2021,70.87
2022,150.17000000000002
2023,324.46
2024,48.16
